{"params": {"MIN_ATR_TO_TRADE": 0.0012271875159701993, "MIN_MOMENTUM_SCORE": 0.13722190178498303, "GAP_RISK_MULTIPLIER": 1.6148623731634733, "COOLDOWN_AFTER_LOSS": 14, "COOLDOWN_AFTER_WIN": 35, "EDGE_SIZING_MIN_MULT": 0.5551246402964898}, "score": -0.842528395861874, "backtest_days": 30, "n_trials": 50, "timestamp": "2026-04-06T04:34:06.954494+00:00", "metrics": {"total_pnl_pct": -3.173158146526589, "sharpe_ratio": -2.0684468666077738, "win_rate": 41.603053435114504, "max_drawdown_pct": 6.147399164671096, "total_trades": 262}, "original_params": {"MIN_ATR_TO_TRADE": 0.001, "MIN_MOMENTUM_SCORE": 0.08, "GAP_RISK_MULTIPLIER": 1.5, "COOLDOWN_AFTER_LOSS": 40, "COOLDOWN_AFTER_WIN": 15, "EDGE_SIZING_MIN_MULT": 0.8}, "ALPHA_STRATEGY_THRESHOLDS": {"event-compression_breakout": 1.0}}